ImageID,Question,Answer
Education_000000000435,Trong ảnh có bao nhiêu người?,Có ba người trong ảnh.
Education_000000000275,Bạn nữ trong ảnh đang cầm vật gì trên tay?,Bạn nữ trong ảnh đang cầm một tờ giấy trên tay.
Education_000000000220,Biểu cảm chung trên khuôn mặt các bạn nhỏ trong ảnh là gì?,"Biểu cảm chung trên khuôn mặt các bạn nhỏ trong ảnh là vui vẻ và hạnh phúc, thể hiện qua nụ cười rạng rỡ và ánh mắt hướng về phía trước, cho thấy niềm vui và sự phấn khích khi tham gia hoạt động nhóm."
Education_000000000428,Các em học sinh trong ảnh đang mặc trang phục gì?,Các em học sinh trong ảnh đang mặc đồng phục thể dục màu trắng xanh.
Education_000000000710,Các bạn học sinh trong ảnh đang làm gì?,"Các bạn học sinh trong ảnh đang thực hiện các hoạt động vệ sinh lớp học. Cụ thể,  bạn nữ đang quét dọn sàn nhà, hai bạn nam đang lau bàn ghế và bạn nam còn lại đang lau bảng."
Education_000000001042,Có bao nhiêu quyển vở hoặc giấy trên bàn?,Có thể có bốn quyển vở trên bàn.
Education_000000001276,Có bao nhiêu người đang bơi trong bể bơi?,Có 5 người đang bơi trong bể bơi.
Education_000000000838,Cậu bé đang mặc áo màu gì?,Cậu bé đang mặc áo màu trắng.
Education_000000000243,Các học sinh trong ảnh đang mặc đồng phục màu gì?,Các học sinh trong ảnh đang mặc đồng phục màu trắng và cam.
Education_000000000606,Hai bạn nhỏ có vẻ mặt như thế nào khi vẽ tranh?,"Hai bạn nhỏ có vẻ mặt tươi tắn, vui vẻ khi vẽ tranh, cho thấy sự hứng thú và tự hào của họ."
Education_000000001318,Chiếc đồng hồ trong túi nilon đang chỉ mấy giờ?,Chiếc đồng hồ trong túi nilon đang chỉ khoảng 1 giờ 50 phút.
Education_000000000998,Mục tiêu của bạn nhỏ đang ném là gì?,Mục tiêu của bạn nhỏ đang ném là vòng tròn.
Education_000000000159,Trên tường có những vật dụng gì?,"Trên tường có đồng hồ, sách, bảng, bảng đèn tín hiệu giao thông và quả địa cầu."
Education_000000000963,Các bạn nhỏ trong ảnh đang đứng ở đâu?,Các bạn nhỏ trong ảnh đang đứng trên nền trắng.
Education_000000001101,Bối cảnh phía sau các bạn nhỏ là gì?,"Bối cảnh phía sau các bạn nhỏ là sân trường với các tòa nhà màu vàng nhạt, nhiều cửa sổ và cây xanh."
Education_000000001109,Màu sắc chủ đạo của trang phục hai bạn nhỏ là gì?,Màu sắc chủ đạo của trang phục hai bạn nhỏ là trắng và xanh dương. Trang phục của bạn nữ có thêm màu hồng làm điểm nhấn.
Education_000000000926,Các em học sinh đang làm gì?,"Các em học sinh đang vỗ tay, có thể là đang nghe bài hát hoặc tham gia một hoạt động nào đó trong lớp học."
Education_000000001286,Màu sắc chủ đạo của tòa nhà là gì?,Màu sắc chủ đạo của tòa nhà là màu vàng nhạt.
Education_000000000987,"Ở bước cuối cùng, bạn cuối hàng cần làm gì với quả bóng?","Ở bước cuối cùng, người cuối hàng cần giơ cao quả bóng. Một số nguồn còn cho biết thêm rằng người đó nên đồng thời hô ""Xong!""."
Education_000000000676,Các bạn học sinh trong ảnh đang làm gì?,"Các bạn học sinh trong ảnh đang hát và tham gia vào một buổi biểu diễn âm nhạc, thể hiện qua việc cầm micro, hát và vỗ tay theo nhịp điệu."
Education_000000000055,Cậu bé đội mũ đỏ đang làm gì?,Cậu bé đội mũ đỏ đang bưng ghế.
Education_000000000395,Màu sắc chủ đạo của bồn rửa tay là gì?,"Màu sắc chủ đạo của bồn rửa tay là xanh dương hoặc xanh nhạt, tạo cảm giác sạch sẽ và thoáng mát. Màu xanh nhạt này có thể được sử dụng để làm nổi bật các vòi nước màu vàng, tạo sự tương phản."
Education_000000000725,Cậu bé bên phải đang trốn ở đâu?,Cậu bé bên phải đang trốn sau cây.
Education_000000000924,Các bạn nhỏ trong ảnh đang làm gì?,"Các bạn nhỏ trong ảnh đang tham gia hoạt động dọn dẹp vệ sinh môi trường, thu gom rác thải hữu cơ và vô cơ, thể hiện sự quan tâm đến việc giữ gìn vệ sinh môi trường."
Education_000000000002,Có bao nhiêu cây xanh được vẽ trong hình?,Có hai cây xanh được vẽ trong hình.
Education_000000000131,Có cây xanh nào được nhìn thấy qua cửa sổ không?,"Có, có cây xanh được nhìn thấy qua cửa sổ."
Education_000000001212,Có bao nhiêu bạn nhỏ trong ảnh và họ đang mặc trang phục gì?,Có 4 bạn nhỏ trong ảnh. Các bạn nhỏ mặc áo trắng và váy/quần xanh.
Education_000000001087,Trong ảnh có những loài động vật nào?,"Trong ảnh có các loài động vật: hươu cao cổ, ngựa vằn và cá sấu."
Education_000000001080,Trên bàn có những đồ vật gì?,"Trên bàn có khối rubik, khối hộp chữ cái (A, B, C), hộp màu (PHẦN MÀU), hộp sữa (với hình ảnh con bò) và loa."
Education_000000000778,Các nhân vật trong ảnh đang làm gì?,Các nhân vật trong ảnh đang chạy đua. Một số cậu bé và một chú robot đang vừa đá cầu và chạy về phía trước.
Education_000000001288,Những đối tượng nào đang tham gia vào sự kiện này?,"Sự kiện này thu hút sự tham gia của nhiều đối tượng, bao gồm cả trẻ em và người lớn. Trẻ em tham gia vào các hoạt động như đổi rác lấy cây xanh, trong khi người lớn có thể là giáo viên hoặc phụ huynh tham gia để hướng dẫn và chia sẻ kinh nghiệm."
Education_000000001322,Có bao nhiêu học sinh trong ảnh?,Có 5 học sinh trong ảnh.
Education_000000000520,Có bao nhiêu trẻ em trong ảnh?,Có ba trẻ em trong ảnh.
Education_000000000920,Số 83 trên quần của cậu bé có ý nghĩa gì?,Không thể xác định chắc chắn ý nghĩa của số 83 trên quần của cậu bé chỉ dựa trên hình ảnh. Cần thêm thông tin hoặc ngữ cảnh để giải thích chính xác.
Education_000000001244,Các bạn nhỏ đang thực hiện động tác gì?,Các bạn nhỏ đang thực hiện động tác chạy gót chạm mông.
Education_000000000352,Quả bóng trong ảnh có màu gì?,Quả bóng trong ảnh có màu trắng và đen.
Education_000000001125,Các học sinh đang mặc đồng phục màu gì?,Đồng phục của học sinh có màu trắng và xanh dương. Các em mặc áo trắng và quần short hoặc váy.
Education_000000001226,Các học sinh đang đứng ở đâu?,"Các học sinh đang đứng trong lớp học, cụ thể là trước bảng."
Education_000000000658,Có bao nhiêu bạn nhỏ trong ảnh?,Có 6 bạn nhỏ trong ảnh.
Education_000000000254,Trong hình vẽ có những đồ vật gì liên quan đến học tập?,"Trong hình vẽ có bảng chữ cái với các chữ cái từ A đến Z, bút chì màu đỏ, tẩy và các khối chữ cái màu sắc."
Education_000000000408,Có bao nhiêu bạn nhỏ trong ảnh đang đứng?,Có 6 bạn nhỏ trong ảnh đang đứng.
Education_000000000230,Trong bức tranh có những loại cây gì?,Trong bức tranh có hai loại cây: một loại cây thân gỗ lớn với tán lá xanh mướt và một loiaj cây phủ đầy lá xanh ở đằng xa.
Education_000000000412,Trò chơi trong ảnh diễn ra ở đâu?,"Trò chơi trong ảnh diễn ra ngoài trời, dưới gốc cây trên một bãi cỏ xanh mướt."
Education_000000000092,Các bạn nhỏ trong ảnh đang mặc trang phục màu gì?,Các bạn nhỏ trong ảnh đang mặc áo màu vàng và quần màu cam.
Education_000000001184,Có bao nhiêu người đang cầm ô?,Có hai người đang cầm ô.
Education_000000001313,Các em học sinh đang mặc đồng phục màu gì?,Các em học sinh đang mặc đồng phục màu trắng và xanh.
Education_000000000084,Quả bóng trong ảnh có màu gì?,Quả bóng trong ảnh có màu cam hoặc vàng cam.
Education_000000000937,Hai bạn nhỏ đang nói chuyện về ai?,"Hai bạn nhỏ đang nói chuyện về hàng xóm, cụ thể là cô Hà."
Education_000000000114,Những người trong ảnh đang ở đâu?,"Những người trong ảnh có thể đang ở công viên hoặc khuôn viên trường học, ngồi trên ghế dài màu đỏ."
Education_000000000316,Hai bạn nhỏ mặc trang phục màu gì?,Hai bạn nhỏ mặc trang phục màu đỏ và trắng.
Life_000000001208,Trên sàn nhà có những đồ vật trang trí nào?,"Trên sàn nhà có các đồ vật trang trí như đèn lồng đỏ, các ngôi sao nhỏ màu vàng và xanh, cùng với dây kim tuyến, tạo nên không gian vui tươi, rộn ràng, phù hợp với không khí Tết Nguyên Đán."
Life_000000001663,Cây xanh trong ảnh có đặc điểm gì nổi bật?,"Cây xanh trong ảnh nổi bật với lá to và xanh. Cây được vẽ theo phong cách hoạt hình với đường nét mềm mại, màu sắc tươi sáng và có một con chim nhỏ đậu trên lá."
Life_000000000444,Bối cảnh phía sau người đàn ông và con ngựa là gì?,"Bối cảnh phía sau người đàn ông và con ngựa là một vùng quê với nhà tranh và đồng ruộng, trong đó có một ngôi nhà tranh đơn sơ, mái lợp bằng tre nứa, được vẽ với những đường nét đơn giản, thể hiện một vùng nông thôn Việt Nam thời xưa."
Life_000000001399,Con vật trong ảnh là con gì?,"Con vật trong ảnh là con trâu. Có thể nhận biết qua hình dáng đặc trưng như thân hình thon dài, sừng nhọn, đôi mắt to tròn."
Life_000000001836,Con vật nào xuất hiện trong ảnh?,"Con vật xuất hiện trong ảnh là một con chó màu trắng, được vẽ với nét vẽ đơn giản, tạo cảm giác dễ thương và đáng yêu."
Life_000000001311,Các bạn nhỏ có vẻ mặt như thế nào?,"Các bạn nhỏ có vẻ mặt vui tươi, rạng rỡ, mỉm cười và thể hiện sự háo hức, phấn khởi."
Life_000000000735,Màu sắc chủ đạo của hoa hướng dương là gì?,"Màu sắc chủ đạo của hoa hướng dương là vàng và nâu. Màu vàng tươi sáng nổi bật trên nền xanh của lá cây, tạo cảm giác ấm áp và rực rỡ."
Life_000000001504,Các bạn nhỏ đang đứng ở đâu?,"Các bạn nhỏ đang đứng trên cầu. Cụ thể hơn, đó là một cây cầu gỗ."
Life_000000000024,Cậu bé mặc áo màu gì?,Cậu bé mặc áo màu vàng.
Life_000000000780,Người phụ nữ đang làm gì ở khu vườn?,"Người phụ nữ đang tưới nước cho rau xanh trong khu vườn, thể hiện sự chăm sóc cây trồng và trách nhiệm với môi trường."
Life_000000000710,Cô gái nhỏ đang ôm con vật gì?,Cô gái nhỏ đang ôm một con gà trống.
Life_000000000504,Người đàn ông đang mặc trang phục gì?,"Người đàn ông đang mặc áo dài màu xanh dương, trên áo có họa tiết hình tròn."
Life_000000001871,Những người trong ảnh đang đứng ở đâu?,Những người trong ảnh đang đứng ở sân nhà hoặc trên một con đường lát gạch ở khu vực nông thôn yên bình với hàng cây xanh.
Life_000000001602,Ngọn hải đăng có màu gì?,Ngọn hải đăng có màu đỏ và trắng.
Life_000000001743,Có bao nhiêu người trong ảnh đang vẫy tay?,Có bốn người trong ảnh đang vẫy tay.
Life_000000000837,Biển báo trong ảnh có nội dung gì?,"Biển báo trong ảnh có nội dung ""CẤM XUỐNG HỒ NGUY HIỂM""."
Life_000000000956,Có bao nhiêu người trong ảnh?,"Có hai người trong ảnh, một nam và một nữ."
Life_000000000260,Những màu sắc nào xuất hiện trên những chiếc diều?,"Những màu sắc xuất hiện trên những chiếc diều là vàng, đỏ, xanh lá cây và tím."
Life_000000000684,Cô bé đang đi loại dép gì?,Cô bé đang đi dép lê.
Life_000000000789,Có bao nhiêu chiếc máy bay trong ảnh?,Có hai chiếc máy bay trong ảnh.
Life_000000000637,Cây cảnh trong ảnh có hình dáng như thế nào?,"Cây cảnh trong ảnh có hình dáng tròn và được vẽ theo phong cách hoạt hình đơn giản, với những đường nét mềm mại và màu sắc tươi sáng. Nó được đặt ở góc phải của bức tranh, tạo điểm nhấn cho khung cảnh."
Life_000000000152,Có bao nhiêu ngọn nến trên bánh sinh nhật?,Có 5 ngọn nến trên bánh sinh nhật.
Life_000000001437,Ai là người lớn tuổi nhất trong ảnh?,Người lớn tuổi nhất trong ảnh là bà. Bà cụ đang cầm đũa và chuẩn bị ăn.
Life_000000001224,Người lớn đang đặt tay lên đâu của bé gái?,Người lớn đang đặt tay lên vai của bé gái.
Life_000000001330,Hai cô bé trong ảnh đang làm gì?,"Hai cô bé trong ảnh đang múa quạt, cả hai đều cười rạng rỡ và cầm quạt giấy trên tay."
Life_000000000144,Có bao nhiêu con rối khủng long trong ảnh?,"Có hai con rối khủng long trong ảnh, được vẽ theo phong cách hoạt hình và có màu xanh lá cây."
Life_000000000083,Cậu bé bị bịt mắt đang cầm vật gì trên tay?,Cậu bé bị bịt mắt đang cầm dùi trống trên tay.
Life_000000000623,Người đàn ông trong ảnh đang làm gì?,"Người đàn ông đang lái một chiếc xe máy màu xanh lá cây. Anh ta đội mũ bảo hiểm màu đỏ, mặc áo sơ mi kẻ caro màu hồng nhạt và dường như đang lái xe về nhà."
Life_000000000666,Đứa trẻ đội mũ màu gì?,Đứa trẻ đội mũ màu vàng.
Life_000000001026,Cô bé mặc váy màu gì?,Cô bé mặc váy màu xanh lá cây.
Life_000000000732,Cuốn sách người lớn tuổi đang đọc có tựa đề là gì?,"Cuốn sách người lớn tuổi đang đọc có tựa đề là ""Kho tàng truyện cổ tích Việt Nam""."
Life_000000001244,Màu sắc chủ đạo của căn phòng là gì?,"Màu sắc chủ đạo của căn phòng là hồng và xanh dương, với tông màu hồng nhạt."
Life_000000001365,Bé trai mặc áo màu gì?,Bé trai mặc áo màu vàng cam hoặc vàng.
Life_000000001787,Người đàn ông đang làm gì với chiếc giỏ?,"Người đàn ông đang ngồi trên mặt đất, tay cầm một chiếc giỏ bằng tre đan, có thể đang đan giỏ."
Life_000000001125,Trong ảnh có những đối tượng nào?,"Trong ảnh có cậu bé, xe đạp, ngôi nhà, cây cối và sông."
Life_000000000070,Màu sắc chủ đạo của chiếc tạp dề người phụ nữ đang mặc là gì?,Màu sắc chủ đạo của chiếc tạp dề người phụ nữ đang mặc là màu hồng.
Life_000000000924,Màu sắc chủ đạo của ngọn lửa trong ảnh là gì?,Màu sắc chủ đạo của ngọn lửa trong ảnh là màu vàng cam.
Life_000000000326,Cậu bé trong ảnh đang làm gì?,"Cậu bé trong ảnh đang đứng trước bể cá, tay chống cằm, nhìn vào bên trong và có vẻ đang suy nghĩ."
Life_000000001779,Ông đang ngồi trên vật dụng gì?,"Ông ấy đang ngồi trên ghế, cụ thể là một chiếc ghế gỗ."
Life_000000000285,Tòa tháp trong ảnh có màu gì?,Tòa tháp trong ảnh có màu xám.
Life_000000000720,Cô bé đang nói gì với con nghé?,Không thể xác định được cô bé đang nói gi với con nghé.
Life_000000000958,Con vật nào có màu xám trong ảnh?,Con voi có màu xám trong ảnh.
Life_000000001308,Màu sắc chủ đạo của bức tranh là gì?,"Màu sắc chủ đạo của bức tranh là xanh lá cây và nâu, thể hiện cảnh đồng quê yên bình."
Life_000000000479,Con vật nào xuất hiện trong ảnh?,"Con vật xuất hiện trong ảnh là con chó, cụ thể là một con chó màu nâu."
Life_000000001855,Người đàn ông trong ảnh đang đi đâu?,Người đàn ông trong ảnh đang đi trên bãi biển.
Life_000000000174,Người phụ nữ mặc áo màu gì đang bưng đĩa thức ăn?,Người phụ nữ mặc áo màu vàng hoặc cam vàng đang bưng đĩa thức ăn.
Life_000000000598,Màu sắc chủ đạo của bầu trời trong ảnh là gì?,"Màu sắc chủ đạo của bầu trời trong ảnh là màu xanh dương nhạt, tạo cảm giác tươi sáng và mát mẻ."
Life_000000001036,Có bao nhiêu chai chất lỏng đang được đặt trên bàn?,Có 4 chai chất lỏng đang được đặt trên bàn.
Life_000000000622,Cô bé trong ảnh đang mặc áo phao màu gì?,Cô bé trong ảnh đang mặc áo phao màu cam.
Life_000000001100,Bối cảnh xung quanh ngôi nhà là gì?,"Bối cảnh xung quanh ngôi nhà là một khu vườn với nhiều cây xanh, cho thấy ngôi nhà được xây dựng trong một môi trường tự nhiên và gần gũi với thiên nhiên."
Nature_000000000179,Trong ảnh có những loài động vật nào?,"Trong ảnh có gấu, thỏ, vẹt, công, ngựa và chim."
Nature_000000000319,Con vật đó đang đứng ở đâu?,Con vật đang đứng trên một tảng đá lớn màu nâu xám.
Nature_000000000159,Con vật nào đang được mèo bắt trong ảnh?,Con chuột.
Nature_000000000403,Có bao nhiêu người trên chiếc thuyền buồm gần nhất?,Có ba người trên chiếc thuyền buồm gần nhất.
Nature_000000000377,Con thỏ đang làm gì dưới gốc cây?,"Dưới gốc cây, con thỏ đang cầm một quả mận đỏ trên tay và có vẻ đang háo hức muốn thưởng thức nó."
Nature_000000000173,Có bao nhiêu con gà con đang ở cùng gà mái?,Có 3 con gà con đang ở cùng gà mái.
Nature_000000000032,Dòng nước trong ảnh có hình dạng như thế nào?,"Dòng nước trong ảnh có hình dạng uốn lượn, tạo cảm giác như một con sông nhỏ."
Nature_000000000264,Cậu bé trong ảnh đang mặc áo màu gì?,Cậu bé trong ảnh đang mặc áo màu vàng.
Nature_000000000422,"Ngoài cối xay gió và gà, trong ảnh còn có những đối tượng nào khác?","Ngoài cối xay gió và gà, trong ảnh còn có cây xanh và chim đang bay trên bầu trời."
Nature_000000000409,Màu sắc chủ đạo của cánh buồm trên thuyền là gì?,"Màu sắc chủ đạo của cánh buồm trên thuyền là màu đỏ, hoặc cam đỏ, tạo cảm giác ấm áp và rực rỡ."
Nature_000000000151,Trên bảng có những chữ cái nào?,Trên bảng có các chữ cái a và b.
Nature_000000000082,Dãy núi trong tranh có màu gì?,Dãy núi trong tranh có màu xanh lam.
Nature_000000000206,Có bao nhiêu con vịt đang bay trên không?,Có 5 con vịt đang bay trên không.
Nature_000000000156,Có bao nhiêu con ong đang bay xung quanh tổ ong?,"Có 4 con ong đang bay xung quanh tổ ong. Các con ong được vẽ theo phong cách hoạt hình đơn giản, với những đường nét mảnh mai và màu sắc tươi sáng."
Nature_000000000020,Con vật nào đang nằm trên mặt đất?,Một con lừa đang nằm trên mặt đất.
Nature_000000000252,Màu sắc chủ đạo của dòng sông là gì?,"Màu sắc chủ đạo của dòng sông là màu xanh, cụ thể là màu xanh dương nhạt, tạo cảm giác mát mẻ và yên bình."
Nature_000000000128,Người đàn ông đang mặc trang phục màu gì?,Người đàn ông đang mặc trang phục màu vàng và nâu.
Nature_000000000009,Có bao nhiêu con ngựa trong ảnh và chúng đang làm gì?,"Có hai con ngựa trong ảnh. Một con màu nâu đang đứng ở phía xa, nhìn về phía bên phải, và con còn lại, màu nâu nhạt hơn, đang ăn cỏ hoặc đi về phía trước."
Nature_000000000163,Màu sắc chủ đạo của nước trong ảnh là gì?,"Màu sắc chủ đạo của nước trong ảnh là màu xanh dương nhạt, tạo cảm giác mát mẻ và yên bình, được tô điểm bởi những vệt sáng nhỏ trên mặt nước, tạo hiệu ứng chuyển động nhẹ nhàng."
Nature_000000000381,Có bao nhiêu con cá trong ảnh?,Có 5 con cá trong ảnh.
Nature_000000000259,Những ngôi sao biển có màu gì?,Những ngôi sao biển có màu cam hoặc đỏ cam.
Nature_000000000376,Có bao nhiêu con cá đang bơi trong sông?,Có 4 con cá đang bơi trong sông.
Nature_000000000313,Bối cảnh xung quanh chuồng chim là gì?,"Bối cảnh xung quanh chuồng chim là một vùng quê yên bình với những ngọn đồi xanh mướt, cây cối xanh tươi và những đám mây trắng bồng bềnh, tạo nên một khung cảnh thanh bình và thơ mộng."
Nature_000000000162,Người nông dân đang mặc trang phục màu gì?,Người nông dân đang mặc trang phục màu cam và xanh lá cây.
Nature_000000000386,Bối cảnh trong ảnh là ở đâu?,"Bối cảnh trong ảnh là một khu rừng với nhiều cây cối xanh mướt, ánh sáng mặt trời xuyên qua tán lá."
Nature_000000000383,Phong cảnh xung quanh con đường có những yếu tố tự nhiên nào?,"Phong cảnh xung quanh con đường có những yếu tố tự nhiên như cây xanh, hồ nước, núi, những tảng đá nổi trên mặt nước, bầu trời trong xanh với những đám mây trắng, tạo nên một khung cảnh thiên nhiên tươi đẹp và yên bình."
Nature_000000000202,Những con thỏ đang làm gì?,"Những con thỏ đang chơi đùa trên cây gỗ và trên cỏ xanh. Một số con thỏ ngồi hoặc đứng trên cây gỗ, tạo nên một khung cảnh vui vẻ và náo nhiệt."
Nature_000000000399,Tổ chim nằm ở vị trí nào trên cây?,Tổ chim nằm trên cành cây.
Nature_000000000204,Con thỏ nào đang ở trong hang?,"Con thỏ ở phía trên bên trái, màu xám đang ở trong hang."
Nature_000000000132,Cậu bé trong ảnh đang cầm vật gì trên tay?,Cậu bé trong ảnh đang cầm một cây gậy dài màu nâu sẫm trên tay. Cây gậy được vẽ đơn giản và không có họa tiết trang trí.
Nature_000000000207,Có bao nhiêu con lợn trong bức tranh?,Có 2 con lợn trong bức tranh.
Nature_000000000085,Có bao nhiêu con cá màu cam trong ảnh?,Có 8 con cá màu cam trong ảnh.
Nature_000000000232,Con vật trong ảnh là con gì?,Con vật trong ảnh là con dê.
Nature_000000000382,Người phụ nữ trong ảnh đang đội loại nón gì?,"Người phụ nữ trong ảnh đang đội nón lá, một loại nón truyền thống của Việt Nam làm từ lá cọ hoặc lá dừa, có hình dạng tròn với đỉnh nhọn và mép rộng, dùng để che nắng mưa."
Nature_000000000013,Con chó đang đọc cái gì?,Con chó đang đọc sách nấu ăn.
Nature_000000000314,Con vật nào xuất hiện trong ảnh?,Con vật xuất hiện trong ảnh là con gà trống.
Nature_000000000286,Cửa sổ trong ảnh có hình dạng gì?,"Cửa sổ trong ảnh có hình tròn, được bao quanh bởi khung gỗ màu nâu sẫm và thiết kế đơn giản."
Nature_000000000235,Hươu con đang nhìn về hướng nào?,Hươu con đang nhìn về phía bên phải.
Nature_000000000048,Bối cảnh trong ảnh là ở đâu?,"Bối cảnh trong ảnh là một khu rừng với cây cối xanh mướt, tạo nên khung cảnh thiên nhiên tươi đẹp."
Nature_000000000069,Chim trong ảnh có màu gì?,"Chim trong ảnh có màu vàng, xanh lá cây và xanh dương."
Nature_000000000229,Chiếc giường trong ảnh có họa tiết gì?,"Chiếc giường trong ảnh có họa tiết kẻ caro màu nâu đỏ, tạo cảm giác ấm cúng và gần gũi."
Nature_000000000267,Màu sắc chủ đạo của cánh đồng phía sau đàn sếu là gì?,Màu sắc chủ đạo của cánh đồng phía sau đàn sếu là màu vàng và xanh lá cây tươi sáng.
Nature_000000000114,Có bao nhiêu con ếch đang ngồi trên lá sen?,Có 5 con ếch đang ngồi trên lá sen.
Nature_000000000352,Cảnh trong ảnh có thể liên quan đến thảm họa tự nhiên nào?,"Cảnh trong ảnh có thể liên quan đến thảm họa tự nhiên như bão hoặc lũ lụt, thể hiện qua dòng nước màu nâu đục, cây cối ngập úng và nhà cửa bị hư hại."
Nature_000000000344,Màu sắc chủ đạo của lá cây là gì?,"Màu sắc chủ đạo của lá cây là màu xanh lá cây, có thể là xanh đậm, xanh lục hoặc xanh nhạt, tạo cảm giác tươi mát."
Nature_000000000111,Có con vịt nào đang đứng trên bờ không?,"Có, một con vịt màu vàng đang đứng trên bờ."
Nature_000000000278,Nhân vật lớn hơn đang mặc áo màu gì?,Nhân vật lớn hơn đang mặc áo màu vàng.
Nature_000000000415,Có bao nhiêu con gà con trong ảnh?,Có 5 con gà con trong ảnh.
Nature_000000000374,Những loại hoa nào được thể hiện trong hình?,Hình ảnh thể hiện hai loại hoa chính là hoa hồng đỏ và hoa cúc vàng.
Nature_000000000394,Màu sắc chủ đạo của bức tranh là gì?,"Màu sắc chủ đạo của bức tranh là màu xanh lá cây, tạo cảm giác tươi mát và gần gũi với thiên nhiên."
Object_000000000143,Con vật nào có số thứ tự là 1?,Con vật có số thứ tự là 1 là bò.
Object_000000000154,Hình dạng của chiếc gối trên giường là gì?,Hình dạng của chiếc gối là hình chữ nhật.
Object_000000000015,Bàn ăn được phủ loại khăn trải bàn nào?,Bàn ăn được phủ khăn trải bàn kẻ ô vuông màu xanh lá cây và trắng.
Object_000000000011,Có biển báo giao thông nào trong ảnh không?,Không.
Object_000000000156,Ghế sofa có màu gì?,Ghế sofa có màu xanh lá cây.
Object_000000000164,Nhiệt độ được khuyến nghị cho điều hòa là bao nhiêu?,Nhiệt độ được khuyến nghị cho điều hòa là từ 25 đến 28 độ C.
Object_000000000153,Màu sắc chủ đạo của bức ảnh là gì?,"Màu sắc chủ đạo của bức ảnh là màu hồng nhạt, tạo cảm giác nhẹ nhàng và ấm áp. Màu đỏ được sử dụng để làm nổi bật các chi tiết trang trí như đèn lồng, cành hoa anh đào và băng rôn, tạo nên sự tương phản đẹp mắt. Ngoài ra, màu vàng của hoa mai cũng góp phần tô điểm thêm cho bức tranh."
Object_000000000021,Có những loại phương tiện giao thông nào trong ảnh?,"Trong ảnh có các loại phương tiện giao thông như xe đạp, xe máy và ô tô."
Object_000000000165,Chuỗi xích được tạo thành từ những màu sắc nào?,"Chuỗi xích được tạo thành từ nhiều màu sắc khác nhau, bao gồm vàng, xanh lá cây, đỏ, xanh dương, và cam."
Object_000000000006,Đàn guitar có màu gì?,Đàn guitar có màu nâu hoặc nâu vàng.
Object_000000000043,Mục đích sử dụng của những đồ vật này là gì?,"Các đồ vật này được sử dụng chủ yếu trong môi trường học tập, phục vụ cho mục đích học tập."
Object_000000000089,"Có hoa xuất hiện trong ảnh không, và nếu có thì chúng có màu gì?","Có hoa trong ảnh, chúng có màu hồng tím hoặc tím nhạt và xuất hiện ở góc dưới bên phải của ảnh."
Object_000000000100,Có bao nhiêu cuốn sách trên giá sách?,Có 13 cuốn sách trên giá sách.
Object_000000000080,Có bao nhiêu xe máy màu đỏ trong ảnh?,Có 2 xe máy màu đỏ trong ảnh.
Object_000000000174,Các lá cờ cá chép có hướng gió thổi về phía nào?,Các lá cờ cá chép có hướng gió thổi về phía bên phải.
Object_000000000130,Có bao nhiêu con vật trong ảnh?,Có 12 con vật trong ảnh.
Object_000000000146,Bình tưới nước có màu gì?,Bình tưới nước có màu xanh lam.
Object_000000000002,Có bao nhiêu chiếc váy trong hình?,Có 4 chiếc váy trong hình.
Object_000000000115,Có bao nhiêu chiếc cốc được trang trí trong ảnh?,Có ba chiếc cốc được trang trí trong ảnh.
Object_000000000119,Cân nào trong ảnh có màu xanh lá cây?,Cân thứ hai trong ảnh có màu xanh lá cây và có mặt đồng hồ.
Object_000000000085,Có bao nhiêu con chim được vẽ trong ảnh?,Có 8 con chim được vẽ trong ảnh.
Object_000000000168,Món ăn nào trong ảnh được chế biến từ cá?,Món ăn trong ảnh được chế biến từ cá là cá rán.
Object_000000000045,Đồ uống trong cốc có màu gì?,Đồ uống trong cốc có màu vàng nhạt.
Object_000000000035,Có bao nhiêu ngôi nhà trong ảnh và chúng có màu gì?,"Có hai ngôi nhà trong ảnh, một màu đỏ và một màu xanh dương."
Object_000000000012,Đèn bàn trên bàn học có màu gì?,Đèn bàn trên bàn học có màu xanh lam .
Object_000000000096,Có bao nhiêu chậu cây trên kệ?,Có 9 chậu cây trên kệ.
Object_000000000053,Hoa gạo được gắn liền với bộ phận nào của cây?,Hoa gạo gắn liền với cành cây.
Object_000000000028,Có bao nhiêu chiếc máy bay màu cam trong hình?,Có 4 chiếc máy bay màu cam trong hình.
Object_000000000114,Có bao nhiêu hình vẽ trên đĩa giấy?,Có hai hình vẽ trên đĩa giấy.
Object_000000000007,Hình dạng của quả khế khi cắt ngang là gì?,Hình dạng của quả khế khi cắt ngang là hình ngôi sao.
Object_000000000167,Loại quả nào trong hình có vỏ màu xanh sẫm và sọc?,Dưa hấu là loại quả có vỏ màu xanh sẫm và sọc.
Object_000000000113,Dụng cụ nào được sử dụng để cắt vật liệu làm ô?,Dụng cụ được sử dụng để cắt vật liệu làm ô là kéo.
Object_000000000073,Màu sắc chủ đạo của chiếc xe hơi là gì?,Màu sắc chủ đạo của chiếc xe hơi là màu xanh lá cây.
Object_000000000150,Mô hình xe điện chạy bằng pin trong ảnh có bao nhiêu bánh xe?,Mô hình xe điện chạy bằng pin trong ảnh có bốn bánh xe.
Object_000000000097,"Trong hình, có những dụng cụ nào dùng để lau sàn nhà?",Cây lau nhà là dụng cụ được dùng để lau sàn nhà trong hình.
Object_000000000092,Hình ảnh nào xuất hiện trên mặt sau của tờ tiền 1000 đồng?,Hình ảnh xuất hiện trên mặt sau của tờ tiền 1000 đồng là một con voi.
Object_000000000140,Trong ảnh có những loại thực phẩm nào thường được dùng để nấu ăn hàng ngày?,"Các loại thực phẩm thường được dùng để nấu ăn hàng ngày có trong ảnh bao gồm: trứng, thịt (thịt lợn), mì, gạo, rau củ quả (cà chua, hành tây, rau muống, dưa chuột, ớt chuông), và cá hồi."
Object_000000000018,Bàn học có màu gì?,Bàn học có màu vàng.
Object_000000000077,Chân dung ai xuất hiện trên tất cả các tờ tiền trong ảnh?,Chân dung Chủ tịch Hồ Chí Minh xuất hiện trên tất cả các tờ tiền trong ảnh.
Object_000000000148,Có bao nhiêu quả trứng trong hộp?,Có 10 quả trứng trong hộp.
Object_000000000176,Lọ hoa trong ảnh được làm từ vật liệu gì?,Lọ hoa trong ảnh được làm từ que gỗ và dây lụa.
Object_000000000087,Đèn bàn có màu gì?,Đèn bàn có màu cam.
Object_000000000081,Hình dạng của các mảng màu trên quả bóng đá là gì?,Hình dạng của các mảng màu trên quả bóng đá là hình ngũ giác.
Object_000000000039,Con vật nào trong ảnh đang bay?,Con vật đang bay trong ảnh là chim bồ câu.
Object_000000000046,Quả cà chua trong ảnh có màu gì?,Quả cà chua trong ảnh có màu đỏ và xanh lá cây.
Object_000000000072,Con vật nào có hình dáng giống con ngựa nhưng sống dưới nước?,Con cá ngựa có hình dáng giống con ngựa nhưng sống dưới nước.
Object_000000000104,Vật dụng nào trong ảnh có thể dùng để dán các đồ vật lại với nhau?,Keo dán là vật dụng có thể dùng để dán các đồ vật lại với nhau.
Object_000000000159,Màu sắc chủ đạo của chiếc diều là gì?,"Chiếc diều có màu sắc chủ đạo là đỏ, vàng, xanh lá cây và xanh dương."
Object_000000000027,Có bao nhiêu xe cút kít trong ảnh?,Có hai xe cút kít trong ảnh.
Object_000000000141,Những đồ vật nào trong ảnh thường được sử dụng trong phòng tắm?,"Giấy vệ sinh, kem đánh răng, bàn chải đánh răng, dầu gội, sữa tắm là những đồ vật thường được sử dụng trong phòng tắm."
Others_000000000051,Có bao nhiêu người đang ngồi trên bút chì?,Có 3 người đang ngồi trên bút chì.
Others_000000000045,Cậu bé trong ảnh đang làm gì với quả bóng rổ?,"Cậu bé trong ảnh đang chơi bóng rổ và tập dẫn bóng. Cậu bé cầm bóng bằng tay phải và tay trái đưa ra phía sau, tạo tư thế chuẩn bị bắt bóng."
Others_000000000089,Nhân vật trong ảnh đang cầm vật gì trên tay?,"Nhân vật trong ảnh đang cầm một cuộn giấy màu đỏ có dòng chữ vàng ""Đánh giá việc đảm bảo vệ sinh an toàn thực phẩm trong bếp""."
Others_000000000079,Tàu hỏa trong ảnh số 4 đang đi qua khu vực nào?,Tàu hỏa trong ảnh số 4 đang đi qua khu vực có nhiều cây xanh.
Others_000000000026,Cô bé đang làm gì?,"Cô bé đang nằm ngủ trên giường, đầu nghiêng về phía bên phải."
Others_000000000093,Con vật nào được cưỡi trong một cảnh phim?,Con voi được cưỡi trong một cảnh phim.
Others_000000000103,Người đàn ông lớn tuổi trong ảnh có râu không?,"Có, người đàn ông lớn tuổi trong ảnh có râu."
Others_000000000098,Cậu bé trong ảnh đang làm gì?,"Cậu bé trong ảnh đang ngồi học bài, tay đặt lên bàn, nhìn về phía trước với vẻ mặt suy tư."
Others_000000000022,Cậu bé đang mặc đồ bơi màu gì?,Cậu bé đang mặc đồ bơi màu xanh lá cây.
Others_000000000055,Các bạn nhỏ trong ảnh đang làm gì?,"Các bạn nhỏ trong ảnh đang chào các bạn, thể hiện qua dòng chữ ""Chào các bạn"" trong bong bóng thoại."
Others_000000000057,Nấm có màu gì?,Nấm có màu đỏ và trắng.
Others_000000000015,Người cầm cờ đang làm gì?,"Người cầm cờ đang phất cờ, đứng trên vỉa hè bên cạnh đường đua và theo dõi trận đấu đua xe đạp."
Others_000000000076,Trong ảnh có những con vật nào được nhắc đến?,Trong ảnh có con ngựa vằn (zebra).
Others_000000000025,Người mẹ và con gái đang làm gì ở bồn rửa?,Mẹ và con gái đang rửa bát.
Others_000000000010,Cô bé đang làm gì với cái bát và dụng cụ trong tay?,Cô bé đang trộn một hỗn hợp trong bát và có vẻ như đang chuẩn bị thức ăn.
Others_000000000036,Có bao nhiêu người lớn và trẻ em trong hình?,Trong hình có một người lớn và bốn trẻ em.
Others_000000000032,"Bé gái có đeo nơ trên tóc không? Nếu có, nơ màu gì?","Có, bé gái có đeo nơ màu hồng trên tóc."
Others_000000000068,Hai bạn nhỏ đang làm gì?,"Hai bạn nhỏ đang chơi trống cơm, một loại trống truyền thống của Việt Nam thường được sử dụng trong các lễ hội và hoạt động văn hóa."
Others_000000000102,Có bao nhiêu con gà con trong bức tranh phía dưới?,Có 10 con gà con trong bức tranh.
Others_000000000005,"Trong hình 2, Vũ đang làm gì?","Trong hình 2, Vũ đang chạy lại xem đám đông."
Others_000000000029,Cô bé đang cầm vật gì trên tay trong khung hình đầu tiên?,Cô bé đang cầm một cọng cỏ trên tay.
Others_000000000009,"Trong ảnh đầu tiên, Mai đang nằm ở đâu?","Trong ảnh đầu tiên, Mai đang nằm trên giường bệnh trong bệnh viện."
Others_000000000042,Sự khác biệt chính giữa kiến trúc của các tòa nhà ở thành phố và nông thôn là gì?,"Kiến trúc ở thành phố thường có các tòa nhà cao tầng, hiện đại, trong khi ở nông thôn là những ngôi nhà thấp tầng, đơn giản hơn, thường có mái ngói và cổng làng. Sự khác biệt này phản ánh sự phát triển đô thị so với khu vực nông thôn."
Others_000000000007,"Trong hình ảnh thứ năm, người phụ nữ và đứa bé đang nói gì với người đàn ông áo vàng?","Người phụ nữ cảm ơn người đàn ông áo vàng vì đã cứu con cô, và đứa bé cũng cảm ơn chú."
Others_000000000028,"Trong hình ảnh bên phải, biểu cảm của người đàn ông như thế nào khi con chó cắn?","Trong hình ảnh, biểu cảm của người đàn ông khi bị chó cắn là ngạc nhiên và sợ hãi, thể hiện qua việc giơ tay lên và miệng mở to."
Others_000000000058,Nhân vật hoạt hình trong ảnh đang làm gì?,"Nhân vật hoạt hình trong ảnh đang chạy trên một con đường uốn lượn, hướng về phía bên phải của bức tranh. Tư thế của nhân vật thể hiện sự nhanh nhẹn, vui vẻ và có vẻ như đang cố gắng vượt qua những khó khăn."
Others_000000000039,Có bao nhiêu người đang đi vào công viên?,Có 2 người đang đi vào công viên.
Others_000000000083,"Trong hình ảnh đầu tiên, cô bé đang làm gì với tờ giấy màu vàng?",Cô bé đang cắt tờ giấy màu vàng thành hình bông hoa.
Others_000000000074,Người phụ nữ đang làm gì cho cậu bé?,Người phụ nữ đang cho cậu bé ăn.
Others_000000000020,Những ai đang chơi cờ trong ảnh?,"Trong ảnh có hai người đang chơi cờ: một người đàn ông và một cậu bé, có thể là ông và cháu trai. Cậu bé ngồi trên ghế, tay cầm cờ, nhìn chăm chú vào bàn cờ. Người đàn ông ngồi đối diện cậu bé, tay đặt lên bàn cờ, ánh mắt hướng về phía cậu bé, thể hiện sự quan tâm và hỗ trợ."
Others_000000000095,Những loại thực phẩm nào được bày bán trong ảnh bên phải?,Trong ảnh bên phải có bày bán các sản phẩm đóng gói khác được sắp xếp trên các kệ hàng.
Others_000000000024,"Trong hình 4, cậu bé đang chơi gì với em bé?",Cậu bé đang chơi gấu bông với em bé.
Others_000000000046,Cô bé trong hình đang làm gì bên cửa sổ?,Cô bé đang đọc sách bên cửa sổ. Cô bé cầm một cuốn sách màu cam khi ngồi cạnh cửa sổ.
Others_000000000001,Địa điểm nào trong ảnh có ghế sofa?,Địa điểm số 2 có ghế sofa.
Others_000000000091,Màu sắc chủ đạo của trang phục người đàn ông bên phải là gì?,Màu sắc chủ đạo của trang phục người đàn ông bên phải là màu đen.
Others_000000000081,Biểu cảm nào thể hiện sự ngạc nhiên?,"Biểu cảm số 3 thể hiện sự ngạc nhiên. Biểu cảm này thường được sử dụng để biểu thị sự ngạc nhiên, bất ngờ hoặc hài hước."
Others_000000000030,Biểu cảm của cậu bé ở hình bên phải như thế nào?,Cậu bé có vẻ giật mình và sợ hãi.
Others_000000000044,"Trong hình 3, bác sĩ đang khám bộ phận nào của bệnh nhân?",Bác sĩ đang khám lưng cho bệnh nhân.
Others_000000000038,Ngựa trong ảnh có màu gì?,Ngựa trong ảnh có màu xám.
Others_000000000014,Cậu bé trong hình 1 đang làm gì?,Cậu bé trong hình 1 đang vẽ tranh.
Others_000000000092,"Trong hình c, cậu bé đang làm gì?","Cậu bé đang ngồi thẳng lưng và đánh máy, sử dụng bàn phím máy tính."
Others_000000000101,Các cuộn phim trong ảnh có màu gì?,Các cuộn phim trong ảnh có màu xám và đen.
Others_000000000067,"Trong ảnh thứ hai, bé trai đang mặc áo màu gì?","Trong ảnh thứ hai, bé trai đang mặc áo màu đỏ."
Others_000000000002,"Trong ảnh số 2, người con đang làm gì trước khi đi?","Trong ảnh số 2, người con đang ngồi trên bàn ăn và ăn sáng."
Others_000000000034,Cậu bé ở hình số 1 đang cầm những dụng cụ gì?,Cậu bé ở hình số 1 đang cầm cọ vẽ và bảng màu.
Others_000000000063,"Trong hình 1, cô bé đang làm gì?",Cô bé đang đánh răng.
Others_000000000077,Bạn nào có chiều cao 138 cm?,Cô bé mặc váy đỏ và là bạn nữ cuối cùng có chiều cao 138 cm.
Others_000000000082,"Trong hình 3, tư thế nào của cô bé khi ngồi học là đúng?","Hình 3b, tư thế của cô bé khi ngồi học là đúng, lưng thẳng, tay đặt trên bàn, đầu hơi hướng về phía trước, thể hiện sự tập trung."
Others_000000000047,Các nhân vật trong ảnh đang mặc áo màu gì?,Các nhân vật trong ảnh mặc áo màu xanh da trời hoặc xanh nhạt.
Others_000000000056,Màu sắc chủ đạo của bức tranh trên tường là gì?,Màu sắc chủ đạo của bức tranh trên tường là màu xanh dương nhạt.
